{
    "name": "ls_databricks_course_ws",
    "type": "Microsoft.DataFactory/factories/linkedservices",
    "properties": {
        "annotations": [],
        "type": "AzureDatabricks",
        "typeProperties": {
            "domain": "https://adb-878138825615115.15.azuredatabricks.net",
            "authentication": "MSI",
            "workspaceResourceId": "/subscriptions/aa994915-1b8e-474b-9988-1a994e08f6f5/resourceGroups/databrickscourse-rg/providers/Microsoft.Databricks/workspaces/databrickscourse-ws",
            "existingClusterId": "0206-183858-mlb4moyn"
        }
    }
}