{
    "now": "2024-02-29T18:04:53.497Z",
    "perfNow": 45658.400000002235,
    "diagnosticCorrelation": "5be90058-c644-43a1-aa28-6f8f45b9488a",
    "source": "DownloadSupportFiles",
    "environment": {
        "productName": "adf",
        "buildVersion": "1.0.021624.1",
        "environmentType": 3,
        "resourceName": "databricks-course-adf230",
        "resourceRegion": "eastus",
        "resourceGroup": "databrickscourse-rg",
        "subscriptionId": "aa994915-1b8e-474b-9988-1a994e08f6f5",
        "sessionId": "/6bX9Ab/jcDDmUa8EHEwXv",
        "operationId": "",
        "gitType": "live",
        "loggingKey": "2ab6d49e-f5b6-4efd-af9e-b6d11024e32d"
    },
    "additionalInfo": {
        "selectedResource": "pl_ingest_formula1_data",
        "selectedResourceType": "pipeline"
    }
}