{
    "now": "2024-02-29T18:05:05.318Z",
    "perfNow": 57479.900000002235,
    "diagnosticCorrelation": "94d97c5a-e58c-4a23-af4b-7506eee70f15",
    "source": "DownloadSupportFiles",
    "environment": {
        "productName": "adf",
        "buildVersion": "1.0.021624.1",
        "environmentType": 3,
        "resourceName": "databricks-course-adf230",
        "resourceRegion": "eastus",
        "resourceGroup": "databrickscourse-rg",
        "subscriptionId": "aa994915-1b8e-474b-9988-1a994e08f6f5",
        "sessionId": "/6bX9Ab/jcDDmUa8EHEwXv",
        "operationId": "",
        "gitType": "live",
        "loggingKey": "2ab6d49e-f5b6-4efd-af9e-b6d11024e32d"
    },
    "additionalInfo": {
        "selectedResource": "pl_transform_formula1_data",
        "selectedResourceType": "pipeline"
    }
}