{
    "name": "pl_transform_formula1_data",
    "properties": {
        "activities": [
            {
                "name": "Get Folder Details",
                "type": "GetMetadata",
                "dependsOn": [],
                "policy": {
                    "timeout": "0.12:00:00",
                    "retry": 0,
                    "retryIntervalInSeconds": 30,
                    "secureOutput": false,
                    "secureInput": false
                },
                "userProperties": [],
                "typeProperties": {
                    "dataset": {
                        "referenceName": "ds_formula1_raw",
                        "type": "DatasetReference",
                        "parameters": {
                            "p_window_end_date": {
                                "value": "@pipeline().parameters.p_window_end_date",
                                "type": "Expression"
                            }
                        }
                    },
                    "fieldList": [
                        "exists"
                    ],
                    "storeSettings": {
                        "type": "AzureBlobFSReadSettings",
                        "recursive": true,
                        "enablePartitionDiscovery": false
                    },
                    "formatSettings": {
                        "type": "JsonReadSettings"
                    }
                }
            },
            {
                "name": "If Condition1",
                "type": "IfCondition",
                "dependsOn": [
                    {
                        "activity": "Get Folder Details",
                        "dependencyConditions": [
                            "Completed"
                        ]
                    }
                ],
                "userProperties": [],
                "typeProperties": {
                    "expression": {
                        "value": "@activity('Get Folder Details').output.exists",
                        "type": "Expression"
                    },
                    "ifTrueActivities": [
                        {
                            "name": "trans race results",
                            "type": "DatabricksNotebook",
                            "dependsOn": [],
                            "policy": {
                                "timeout": "0.12:00:00",
                                "retry": 0,
                                "retryIntervalInSeconds": 30,
                                "secureOutput": false,
                                "secureInput": false
                            },
                            "userProperties": [],
                            "typeProperties": {
                                "notebookPath": "/Users/sameerhussain_courses3@outlook.com/My-Formula1/Final/trans/1.race_results",
                                "baseParameters": {
                                    "p_file_date": {
                                        "value": "@formatDateTime(pipeline().parameters.p_window_end_date, 'yyy-MM-dd')",
                                        "type": "Expression"
                                    }
                                }
                            },
                            "linkedServiceName": {
                                "referenceName": "ls_databricks_course_ws",
                                "type": "LinkedServiceReference"
                            }
                        },
                        {
                            "name": "trans driver standings",
                            "type": "DatabricksNotebook",
                            "dependsOn": [
                                {
                                    "activity": "trans race results",
                                    "dependencyConditions": [
                                        "Completed"
                                    ]
                                }
                            ],
                            "policy": {
                                "timeout": "0.12:00:00",
                                "retry": 0,
                                "retryIntervalInSeconds": 30,
                                "secureOutput": false,
                                "secureInput": false
                            },
                            "userProperties": [],
                            "typeProperties": {
                                "notebookPath": "/Users/sameerhussain_courses3@outlook.com/My-Formula1/Final/trans/2.driver_standings",
                                "baseParameters": {
                                    "p_file_date": {
                                        "value": "@formatDateTime(pipeline().parameters.p_window_end_date, 'yyy-MM-dd')",
                                        "type": "Expression"
                                    }
                                }
                            },
                            "linkedServiceName": {
                                "referenceName": "ls_databricks_course_ws",
                                "type": "LinkedServiceReference"
                            }
                        },
                        {
                            "name": "trans constructor standings",
                            "type": "DatabricksNotebook",
                            "dependsOn": [
                                {
                                    "activity": "trans race results",
                                    "dependencyConditions": [
                                        "Completed"
                                    ]
                                }
                            ],
                            "policy": {
                                "timeout": "0.12:00:00",
                                "retry": 0,
                                "retryIntervalInSeconds": 30,
                                "secureOutput": false,
                                "secureInput": false
                            },
                            "userProperties": [],
                            "typeProperties": {
                                "notebookPath": "/Users/sameerhussain_courses3@outlook.com/My-Formula1/Final/trans/3.constructor_standings",
                                "baseParameters": {
                                    "p_file_date": {
                                        "value": "@formatDateTime(pipeline().parameters.p_window_end_date, 'yyy-MM-dd')",
                                        "type": "Expression"
                                    }
                                }
                            },
                            "linkedServiceName": {
                                "referenceName": "ls_databricks_course_ws",
                                "type": "LinkedServiceReference"
                            }
                        },
                        {
                            "name": "trans calculated race results",
                            "type": "DatabricksNotebook",
                            "dependsOn": [],
                            "policy": {
                                "timeout": "0.12:00:00",
                                "retry": 0,
                                "retryIntervalInSeconds": 30,
                                "secureOutput": false,
                                "secureInput": false
                            },
                            "userProperties": [],
                            "typeProperties": {
                                "notebookPath": "/Users/sameerhussain_courses3@outlook.com/My-Formula1/Final/trans/4.calculated_race_results",
                                "baseParameters": {
                                    "p_file_date": {
                                        "value": "@formatDateTime(pipeline().parameters.p_window_end_date, 'yyy-MM-dd')",
                                        "type": "Expression"
                                    }
                                }
                            },
                            "linkedServiceName": {
                                "referenceName": "ls_databricks_course_ws",
                                "type": "LinkedServiceReference"
                            }
                        }
                    ]
                }
            }
        ],
        "concurrency": 1,
        "parameters": {
            "p_window_end_date": {
                "type": "string"
            }
        },
        "annotations": [],
        "lastPublishTime": "2024-02-11T17:16:54Z"
    },
    "type": "Microsoft.DataFactory/factories/pipelines"
}