{
    "now": "2024-02-29T18:05:01.496Z",
    "perfNow": 53657.400000002235,
    "diagnosticCorrelation": "8e5a0b7e-0ccd-4fe2-a2a6-ddd4d216a01f",
    "source": "DownloadSupportFiles",
    "environment": {
        "productName": "adf",
        "buildVersion": "1.0.021624.1",
        "environmentType": 3,
        "resourceName": "databricks-course-adf230",
        "resourceRegion": "eastus",
        "resourceGroup": "databrickscourse-rg",
        "subscriptionId": "aa994915-1b8e-474b-9988-1a994e08f6f5",
        "sessionId": "/6bX9Ab/jcDDmUa8EHEwXv",
        "operationId": "",
        "gitType": "live",
        "loggingKey": "2ab6d49e-f5b6-4efd-af9e-b6d11024e32d"
    },
    "additionalInfo": {
        "selectedResource": "pl_process_formula1_data",
        "selectedResourceType": "pipeline"
    }
}